-- MySQL Script generated by MySQL Workbench
-- Sat Nov  8 19:05:38 2025
-- Model: New Model    Version: 1.0
-- MySQL Workbench Forward Engineering

SET @OLD_UNIQUE_CHECKS=@@UNIQUE_CHECKS, UNIQUE_CHECKS=0;
SET @OLD_FOREIGN_KEY_CHECKS=@@FOREIGN_KEY_CHECKS, FOREIGN_KEY_CHECKS=0;
SET @OLD_SQL_MODE=@@SQL_MODE, SQL_MODE='ONLY_FULL_GROUP_BY,STRICT_TRANS_TABLES,NO_ZERO_IN_DATE,NO_ZERO_DATE,ERROR_FOR_DIVISION_BY_ZERO,NO_ENGINE_SUBSTITUTION';

-- -----------------------------------------------------
-- Schema promove_database
-- -----------------------------------------------------
CREATE SCHEMA IF NOT EXISTS `promove_database` DEFAULT CHARACTER SET utf8 ;
USE `promove_database` ;

-- -----------------------------------------------------
-- Table `promove_database`.`Perfil`
-- -----------------------------------------------------
CREATE TABLE IF NOT EXISTS `promove_database`.`Perfil` (
  `idPerfil` INT NOT NULL AUTO_INCREMENT,
  `nome` VARCHAR(64) NOT NULL,
  `status` INT NOT NULL,
  PRIMARY KEY (`idPerfil`),
  UNIQUE INDEX `idPerfil_UNIQUE` (`idPerfil` ASC) )
ENGINE = InnoDB;
INSERT INTO `perfil` VALUES 
	(1,'Administrador',1),
	(2,'Gerenciador',1),
	(3,'Suporte',1),
	(4,'Usuario',1),
	(5,'Convidado',1);

-- -----------------------------------------------------
-- Table `promove_database`.`Usuario`
-- -----------------------------------------------------
CREATE TABLE IF NOT EXISTS `promove_database`.`Usuario` (
  `idUsuario` INT NOT NULL AUTO_INCREMENT,
  `dataCadastro` DATE NOT NULL,
  `nome` VARCHAR(128) NOT NULL,
  `login` VARCHAR(32) NOT NULL,
  `senha` VARCHAR(254) NOT NULL,
  `status` INT NOT NULL,
  `idPerfil` INT NOT NULL,
  PRIMARY KEY (`idUsuario`),
  UNIQUE INDEX `idUsuario_UNIQUE` (`idUsuario` ASC) ,
  INDEX `fk_Usuario_Perfil1_idx` (`idPerfil` ASC) ,
  CONSTRAINT `fk_Usuario_Perfil1`
    FOREIGN KEY (`idPerfil`)
    REFERENCES `promove_database`.`Perfil` (`idPerfil`)
    ON DELETE RESTRICT
    ON UPDATE CASCADE)
ENGINE = InnoDB;
INSERT INTO `usuario` VALUES
	(1,'2025-10-10','Administrador','admin','admin',1,1),
        (2,'2026-03-20','Teste System','Teste','teste',1,5);


-- -----------------------------------------------------
-- Table `promove_database`.`Menu`
-- -----------------------------------------------------
CREATE TABLE IF NOT EXISTS `promove_database`.`Menu` (
  `idMenu` INT NOT NULL AUTO_INCREMENT,
  `nome` VARCHAR(64) NOT NULL,
  `link` VARCHAR(128) NOT NULL,
  `exibir` INT NOT NULL,
  `status` INT NOT NULL,
  PRIMARY KEY (`idMenu`),
  UNIQUE INDEX `idMenu_UNIQUE` (`idMenu` ASC) ,
  UNIQUE INDEX `link_UNIQUE` (`link` ASC) )
ENGINE = InnoDB;
INSERT INTO `menu` VALUES
        (1,'Home','index.jsp',1,1),
	(2,'Menu','gerenciarMenu?acao=listar',1,1),
	(3,'Perfil','gerenciarPerfil?acao=listar',1,1),
	(4,'Usuario','gerenciarUsuario?acao=listar',1,1),	
	(5,'alterar Menu','gerenciarMenu?acao=alterar',0,1),
	(6,'alterar Perfil','gerenciarPerfil?acao=alterar',0,1),
	(7,'alterar Usuario','gerenciarUsuario?acao=alterar',0,1),	
	(8,'ativar Menu','gerenciarMenu?acao=ativar',0,1),
	(9,'ativar Perfil','gerenciarPerfil?acao=ativar',0,1),
	(10,'ativar Usuario','gerenciarUsuario?acao=ativar',0,1),	
	(11,'desativar Menu','gerenciarMenu?acao=desativar',0,1),
	(12,'desativar Perfil','gerenciarPerfil?acao=desativar',0,1),        
	(13,'desativar Usuario','gerenciarUsuario?acao=desativar',0,1),
        (14,'Cadastro','cadastro.jsp',0,1);

-- -----------------------------------------------------
-- Table `promove_database`.`Menu_Perfil`
-- -----------------------------------------------------
CREATE TABLE IF NOT EXISTS `promove_database`.`Menu_Perfil` (
  `idMenu` INT NOT NULL,
  `idPerfil` INT NOT NULL,
  PRIMARY KEY (`idMenu`, `idPerfil`),
  INDEX `fk_Menu_has_Perfil_Perfil1_idx` (`idPerfil` ASC) ,
  INDEX `fk_Menu_has_Perfil_Menu_idx` (`idMenu` ASC) ,
  CONSTRAINT `fk_Menu_has_Perfil_Menu`
    FOREIGN KEY (`idMenu`)
    REFERENCES `promove_database`.`Menu` (`idMenu`)
    ON DELETE RESTRICT
    ON UPDATE CASCADE,
  CONSTRAINT `fk_Menu_has_Perfil_Perfil1`
    FOREIGN KEY (`idPerfil`)
    REFERENCES `promove_database`.`Perfil` (`idPerfil`)
    ON DELETE RESTRICT
    ON UPDATE CASCADE)
ENGINE = InnoDB;
INSERT INTO `menu_perfil` VALUES
    (1,1),
    (2,1),
    (3,1),
    (4,1),
    (5,1),
    (6,1),
    (7,1),
    (8,1),
    (9,1),
    (10,1),
    (11,1),
    (12,1),
    (13,1);

SET SQL_MODE=@OLD_SQL_MODE;
SET FOREIGN_KEY_CHECKS=@OLD_FOREIGN_KEY_CHECKS;
SET UNIQUE_CHECKS=@OLD_UNIQUE_CHECKS;
